db,div_gen,div_best_cfd,div_gt
bpep,0.33208648163387444,0.9705882352941176,0.8235294117647058
cpep,0.7318941504178273,1.0,0.8888888888888888
pepbdb,0.3282458707923897,1.0,0.9428571428571428
pepmerge,0.3547567884352413,0.6850393700787402,0.2733333333333333
