db,nov_gen,nov_best_cfd,nov_gt
bpep,0.3761228198001968,0.38554455445544544,0.3540805882352941
cpep,0.8090363919821827,0.7962609090909091,0.7792865384615385
pepbdb,0.4215100571530618,0.39259025641025636,0.4414124390243901
pepmerge,0.32141448452448673,0.2941141843971631,0.2797550295857987
