,vina_score_mean,vina_score_best_cfd,vina_score_oracle,vina_score_gt
bpep,0.3975107189346899,-3.949809117647059,-5.373815980392157,-3.9401014705882353
cpep,12.29907557103064,-3.1604607692307694,-4.587866153846154,-4.419814814814814
pepbdb,3.8140965210119178,4.715854857142856,-5.618668285714286,-4.009047142857143
pepmerge,2.2785989275249072,-1.9470171653543307,-5.034431023622047,-3.6739329530201346
