,dG_mean,dG_best_cfd,dG_oracle,dG_gt
bpep,67.07330009202785,-27.420928653548746,-42.261077413371964,-37.51301282059912
cpep,265.29295518822596,-29.090496136591984,-40.00128217843863,-29.81417348751655
pepbdb,133.68403611519727,104.7778563261032,-39.418485804966515,-36.51077278682164
pepmerge,98.75932802919871,-22.79889068453331,-36.33357875929104,-34.73742808103562
